{
  "timestamp": "2025-06-28T17:01:44.527812",
  "total_queries": 19,
  "successful_queries": 19,
  "recall_at_k": {
    "1": 0.7894736842105263,
    "3": 0.8157894736842105,
    "5": 1.0,
    "10": 1.0
  },
  "precision_at_k": {
    "1": 0.8421052631578947,
    "3": 0.29824561403508765,
    "5": 0.2210526315789474,
    "10": 0.1105263157894737
  },
  "mrr": 0.8736842105263158,
  "ndcg_at_k": {
    "1": 0.8421052631578947,
    "3": 0.8421052631578947,
    "5": 0.895310701433599,
    "10": 0.895310701433599
  },
  "average_response_time": 0.0002831408852025082
}